nome;fabricante;categoria; vlr_custo ; vlr_varejo ;cod_ncm;cod_forma_aquisicao;cod_origem_mercadoria;Tipo de Tributacao;cod_regra_padrao;dsc_unidade_comercial
77717 MBB1935/1936/1941 OM447 380MM;SACHS;Produto Acabado L.P.; R$ 597,00 ; R$1.125,00 ;87089300;30;11;19;58;PECA
66150 KIT 380mm F.F. ALAVANCA - MBB 1519;SACHS;Produto Acabado L.P.; R$ 1,00 ; R$1.619,00 ;87089300;30;11;19;58;PECA
66537 KIT 430mm - 11470\55421\33365 - VOLVO B7R;SACHS;Produto Acabado L.P.; R$ 1,00 ; R$2.230,00 ;87089300;30;11;19;58;PECA
66174 KIT395mm - 1546/5597/3739 - Constellation 17-280E MAN 6.9L ZF 9S 1110 TD Após 2012;SACHS;Produto Acabado L.P.; R$ 400,00 ; R$2.270,00 ;87089300;30;11;19;58;PECA
66202 - 1202-5346-3326 609 / 709 / 710 / 809 OM 364 95 CV;SACHS;Produto Acabado L.P.; R$ 200,00 ; R$850,00 ;87089300;30;11;19;58;PECA
66491 - 430mm - 1469/5386-3356 - NL 10 4x2 / 6x2 TD 101 G / TD 102 F/FT/S/D 10A;SACHS;Produto Acabado L.P.; R$ 350,00 ; R$2.250,00 ;87089300;30;11;19;58;PECA
66741 KIT 400mm - 7741/55583/33060(dupla) Volvo FH12;SACHS;Produto Acabado L.P.; R$ 1,00 ; R$3.800,00 ;87089300;30;11;19;58;PECA
66453-1 G400 / 440 / 480 Opticruise;VALEO;Produto Acabado L.P.; R$ 500,00 ; R$2.281,00 ;87089300;30;11;19;58;PECA
66453-1 - KIT 430mm - 11453\55453\33350 - Scania Série5 G380\420\440 - P250\270\310 - R500\560;VALEO;Produto Acabado L.P.; R$ 1,00 ; R$2.381,00 ;87089300;30;11;19;58;PECA
66738 - Kit 400mm - 77738/55050/33388 (dupla) - MBB 2638/2826/3344 Axor;SACHS;Produto Acabado L.P.; R$ 720,00 ; R$3.800,00 ;87089300;30;11;19;58;PECA
55386 VOLVO NL10 430mm;SACHS;Produto Acabado L.P.; R$ 390,00 ; R$952,00 ;87089300;30;11;19;58;PECA
66107 MBB 1113 280MM OM 352;SACHS;Produto Acabado L.P.; R$ 1,00 ; R$410,00 ;87089300;30;11;19;58;PECA
66451 KIT 430mm - 11470/5450/3350 P310\K310\K94onibus;SACHS;Produto Acabado L.P.; R$ 1,00 ; R$2.230,00 ;87089300;30;11;19;58;PECA
66541 KIT IVECO 395mm 11641\55641\3366 )PLATÔ 400mm;SACHS;Produto Acabado L.P.; R$ 1,00 ; R$2.681,00 ;87089300;30;11;19;58;PECA
66404 KIT 350mm CHAPA - 11504\55035 - MBB 1620;SACHS;Produto Acabado L.P.; R$ 1,00 ; R$1.120,00 ;87089300;30;11;19;58;PECA
33391-3 MANCAL 365mm EATON \ DUPLA;EATON;Produto Acabado L.P.; R$ 90,00 ; R$198,00 ;87089300;30;11;19;58;PECA
66307-3 KIT 395mm F.F. 11395-3/55295-3/33307-3 (cabine nova) FORD 2622e / 2628e;EATON;Produto Acabado L.P.; R$ 1,00 ; R$2.681,00 ;87089300;30;11;19;58;PECA
66566-3 KIT 395mm F.F.  11395-3/55294-3/33305-3 (cabine nova) FORD;EATON;Produto Acabado L.P.; R$ 1,00 ; R$2.681,00 ;87089300;30;11;19;58;PECA
66394-3 KIT 395mm F.F. 11395-3/55295-3/33304-3 F, CARGO2422(6X4)VW 26-260(6X4);EATON;Produto Acabado L.P.; R$ 1,00 ; R$2.681,00 ;87089300;30;11;19;58;PECA
66984 - 380mm 1982/5383 - VW 18-310/23-310/26-310/Worker 31-310;SACHS;Produto Acabado L.P.; R$ 1,00 ;;87089300;30;11;19;58;PECA
33379 MANCAL 420mm SCANIA B75/76 / 110 / 111;SACHS;Produto Acabado L.P.; R$ 1,00 ; R$250,00 ;87089300;30;11;19;58;PECA
33382-3 MANCAL 365mm EATON C\ MORINGA (bojudo - bronze);EATON;Produto Acabado L.P.; R$ 90,00 ; R$189,00 ;87089300;30;11;19;58;PECA
66551-3 - KIT 365mm EATON C/ MORINGA - 11557-3/55781-3/33382-3 - FORD Cargo 1721\2217 - VW 12-170;EATON;Produto Acabado L.P.; R$ 1,00 ; R$1.336,00 ;87089300;30;11;19;58;PECA
33309F \ 33309NV MANCAL 362/395mm - MBB 1417 / 1722 / HCS 06P12 / KSW 101.11 F;SACHS;Produto Acabado L.P.; R$ 148,00 ; R$298,00 ;87089300;30;11;19;58;PECA
66548 KIT 350mm 11548\55548 VW Worker 13-180E / (Euro III Eletrônica - motor cummins);SACHS;Produto Acabado L.P.; R$ 250,00 ; R$1.310,00 ;87089300;30;11;19;58;PECA
66294-3 KIT 395mm EATON F.F.  11395-3\55294-3\33305-3 NOVO CARGO 2428E/2429E;EATON;Produto Acabado L.P.; R$ 1,00 ; R$2.681,00 ;87089300;30;11;19;58;PECA
66295-3 KIT 395mm - 11395-3\55095-3\33384-3 VOLVO VM 310;EATON;Produto Acabado L.P.; R$ 1,00 ; R$2.681,00 ;87089300;30;11;19;58;PECA
33384-3 MANCAL 395mm  VOLVO VM310 (arame)(KSW 101.60AC)  P\ Platô Eaton F.F. puxado;EATON;Produto Acabado L.P.; R$ 127,00 ; R$331,00 ;87089300;30;11;19;58;PECA
66450 -1 - KIT 430mm VALEO \  11450-1\55722-1\33350-1  -SCN 124\G420-440\P310\K94ônibus;VALEO;Produto Acabado L.P.; R$ 1,00 ; R$2.310,00 ;87089300;30;11;19;58;PECA
66485 - KIT 430mm - 11470\5389\33353 - Scania GR 871 - 10 MARCHAS;SACHS;Produto Acabado L.P.; R$ 350,00 ; R$2.230,00 ;87089300;30;11;19;58;PECA
33389 MANCAL 330mm VOLARE A8/V8/W8e/W9e;SACHS;Produto Acabado L.P.; R$ 1,00 ; R$70,00 ;87089300;30;11;19;58;PECA
66556-3 - KIT 365mm EATON S/ MORINGA - 11557-3/55781-3/33393-3 - FORD Cargo 1721\2217\VW 23-210;EATON;Produto Acabado L.P.; R$ 1,00 ; R$1.336,00 ;87089300;30;11;19;58;PECA
66305-3 - KIT 395mm EATON F.F.- 11395-3\55295-3/33305-3 - (cabine nova) FORD 2428e/2429e;EATON;Produto Acabado L.P.; R$ 1,00 ; R$2.681,00 ;87089300;30;11;19;58;PECA
66261 KIT 395mm  11546\55638\33739 VW Worker 17-230;SACHS;Produto Acabado L.P.; R$ 1,00 ; R$1.981,00 ;87089300;30;11;19;58;PECA
66142 - KIT 325mm - 11142/55293/33367 - FORD 13;SACHS;Produto Acabado L.P.; R$ 246,00 ; R$594,00 ;87089300;30;11;19;58;PECA
66578  - KIT 350mm - 11078\55723\33348 COM MORINGA- FORD Cargo 1421\1519\1622;SACHS;Produto Acabado L.P.; R$ 250,00 ; R$1.235,00 ;87089300;30;11;19;58;PECA
66585 - KIT 330mm - 11585\55585\33373 - VW 8-150\ 9-150\9-160;SACHS;Produto Acabado L.P.; R$ 285,00 ; R$950,00 ;87089300;30;11;19;58;PECA
33377-1 MANCAL430mm MBB 1634/1938/1944/2726/ ATRON 2729/ AXOR / O400/O500 / HCS 06P18 / KSW 101.12AC;VALEO;Produto Acabado L.P.; R$ 104,00 ; R$379,00 ;87089300;30;11;19;58;PECA
11097-1 PLATÔ 430mm MBB 1938;VALEO;Produto Acabado L.P.; R$ 1,00 ;;87089300;30;11;19;58;PECA
33307-3 MANCAL 395mm MODERNO(orelhinha/bico/furo maior) KSW 101.76AC;EATON;Produto Acabado L.P.; R$ 205,00 ; R$399,00 ;87089300;30;11;19;58;PECA
33304-3 MANCAL 395mm EATON S/MORINGA (pescoço/baixo) VW 16-300/26-260;EATON;Produto Acabado L.P.; R$ 215,00 ; R$421,00 ;87089300;30;11;19;58;PECA
33394-3NV MANCAL 365mm EATON C/MORINGA MODERNO (reforçado) (PANDA) / HCS 05P16 / KSW 101.75AC;EATON;Produto Acabado L.P.; R$ 205,00 ; R$412,00 ;87089300;30;11;19;58;PECA
33359NV MANCAL 350/380mm  FORD Cargo 1317 / 2421 \ IVECO 170 E21 / HCS 02P03 / KSW 101.04AC;SACHS;Produto Acabado L.P.; R$ 194,00 ; R$367,00 ;87089300;30;11;19;58;PECA
33366NV MANCAL 430mm IVECO EURO TECH - TRAKKER - STRALIS - CURSOR;SACHS;Produto Acabado L.P.; R$ 198,00 ; R$387,00 ;87089300;30;11;19;58;PECA
66482 - KIT 430mm - 11470\55722\33352 - Scania GR\GRS 900 8marchas;SACHS;Produto Acabado L.P.; R$ 615,00 ; R$2.230,00 ;87089300;30;11;19;58;PECA
33384-3NV MANCAL 395mm  VOLVO VM310 (arame)(KSW 101.60AC)  P\ Platô Eaton F.F. puxado;EATON;Produto Acabado L.P.; R$ 197,00 ; R$387,00 ;87089300;30;11;19;58;PECA
66549-3 KIT 365mm  11557-3/55781-3/55783-3/33303-3 F, CARGO2422(6X4)VW 26-260(6X4);EATON;Produto Acabado L.P.; R$ 1,00 ; R$2.391,00 ;87089300;30;11;19;58;PECA
66345 - KIT 362mm - 11343\55523\33325 -  MB OF1417\1418\OH1417\1418;SACHS;Produto Acabado L.P.; R$ 456,00 ; R$1.520,00 ;87089300;30;11;19;58;PECA
66450 - KIT 430mm - 11470\55722\33350 - Scania 124 Série 4;SACHS;Produto Acabado L.P.; R$ 615,00 ; R$2.230,00 ;87089300;30;11;19;58;PECA
66654 - 430mm - Cargo 1932 R/1933/3132/3133;SACHS;Produto Acabado L.P.; R$ 1,00 ; R$2.676,00 ;87089300;30;11;19;58;PECA
11450-1 PLATÔ VALEO SCN 124\G420-440\P310\K94ônibus;VALEO;Produto Acabado L.P.; R$ 250,00 ; R$1.112,00 ;87089300;30;11;19;58;PECA
55450-1 DISCO VALEO 430mm SCN P310\G420-440\K94ônibus;VALEO;Produto Acabado L.P.; R$ 400,00 ; R$952,00 ;87089300;30;11;19;58;PECA
66166 KIT - DUCATO;SACHS;Produto Acabado L.P.; R$ 1,00 ; R$480,00 ;87089300;30;11;19;58;PECA
33309 MANCAL 362/395mm - MBB 1417 / 1722 / HCS 06P12 / KSW 101.11 F;SACHS;Produto Acabado L.P.; R$ 70,00 ; R$331,00 ;87089300;30;11;19;58;PECA
11081 PLATÔ 350mm FORDCargo 1215 / 1415 / 1417 2217 / 2218 / 2219 / 2319;SACHS;Produto Acabado L.P.; R$ 105,00 ; R$535,00 ;87089300;30;11;19;58;PECA
11343 Plato de embreagem Dia 362 Aplicação 1417 1418;SACHS;Produto Acabado L.P.; R$ 160,00 ; R$686,00 ;87089300;30;11;19;58;PECA
11546 PLATÔ 395 mm  MBB 1722 / VW17-250;SACHS;Produto Acabado L.P.; R$ 170,00 ; R$925,00 ;87089300;30;11;19;58;PECA
33397NV MANCAL 395mm - VW constellation 13-180E / 17-250E / HCS 04P11 / 101.48AC  - alt 46,00;SACHS;Produto Acabado L.P.; R$ 136,00 ; R$245,00 ;87089300;30;11;19;58;PECA
55523 Disco Embreagem Dia 362 Aplicação 1218/1318/1418/1718C;SACHS;Produto Acabado L.P.; R$ 220,00 ; R$579,00 ;87089300;30;11;19;58;PECA
11085 Plato Embreagem Dia 330;SACHS;Produto Acabado L.P.; R$ 90,00 ; R$242,25 ;87089300;30;11;19;58;PECA
11542 - Iveco 430mm - 8210.42 KA 13.8 Turbo;SACHS;Produto Acabado L.P.; R$ 300,00 ; R$1.112,00 ;87089300;30;11;19;58;PECA
33393 -3 MANCAL 365mm EATON S/MORINGA (pescoço fino)KSW 101.67;EATON;Produto Acabado L.P.; R$ 90,00 ; R$198,00 ;87089300;30;11;19;58;PECA
55367 DISCO 310 mm MBB 712;SACHS;Produto Acabado L.P.; R$ 140,00 ; R$317,00 ;87089300;30;11;19;58;PECA
11142 Plato Embreagem Dia 325;SACHS;Produto Acabado L.P.; R$ 90,00 ; R$275,00 ;87089300;30;11;19;58;PECA
33309F MANCAL 362/395mm F.F.- MBB 1417 / 1722 / HCS 06P12 / KSW 101.11 F;SACHS;Produto Acabado L.P.; R$ 70,00 ; R$157,00 ;87089300;30;11;19;58;PECA
33366 MANCAL 430mm IVECO EURO TECH - TRAKKER - STRALIS - CURSOR;SACHS;Produto Acabado L.P.; R$ 112,00 ; R$387,00 ;87089300;30;11;19;58;PECA
55765 Disco Embreagem 395 MBB1722;SACHS;Produto Acabado L.P.; R$ 258,00 ; R$756,00 ;87089300;30;11;19;58;PECA
55767-3 Disco Eaton 395 F.F.;SACHS;Produto Acabado L.P.; R$ 260,00 ; R$756,00 ;87089300;30;11;19;58;PECA
33397 MANCAL 395mm -  VW constellation 13-180E / 17-250E / HCS 04P11 / 101.48AC;SACHS;Produto Acabado L.P.; R$ 70,00 ; R$166,00 ;87089300;30;11;19;58;PECA
33350 MANCAL 430mm SCANIA 124;SACHS;Produto Acabado L.P.; R$ 117,00 ; R$250,00 ;87089300;30;11;19;58;PECA
11097 PLATÔ 430mm PUXADO MBB1935/1938LS/AXOR1933/ATRON2729;SACHS;Produto Acabado L.P.; R$ 250,00 ; R$1.112,00 ;87089300;30;11;19;58;PECA
55293 Disco Embreagem Dia 325 Microonibus 13¨;SACHS;Produto Acabado L.P.; R$ 182,00 ; R$303,00 ;87089300;30;11;19;58;PECA
11512 Plato Embreagem Dia 350 Aplicação 1621 chapa;SACHS;Produto Acabado L.P.; R$ 100,00 ; R$542,00 ;87089300;30;11;19;58;PECA
33396 MANCAL ROL. VW19-320 / 31-320 / CONSTELL. / TITAN / TRACTOR;SACHS;Produto Acabado L.P.; R$ 118,00 ; R$323,00 ;87089300;30;11;19;58;PECA
55705 Disco - Dia 430 -  / blind. / 6molas/pré/10 estrias/vão entre capa mola e mola de torção.;SACHS;Produto Acabado L.P.; R$ 286,00 ; R$952,00 ;87089300;30;11;19;58;PECA
11203 Plato Embreagem Dia 310 Aplicação 912/914 px;SACHS;Produto Acabado L.P.; R$ 80,00 ; R$362,00 ;87089300;30;11;19;58;PECA
55346 DISCO 280mm  MBB 1113;SACHS;Produto Acabado L.P.; R$ 112,00 ; R$242,00 ;87089300;30;11;19;58;PECA
33308 MANCAL 430mm -  VOLVO FH12 / NH12 / globetrotter até 2002\hcs07P07\ksw 101.49ac;SACHS;Produto Acabado L.P.; R$ 121,00 ; R$354,00 ;87089300;30;11;19;58;PECA
11167-1 PLATO280mm com rolamento -  IVECO DAILY  35S14 / 45S14 / 55S14  cód. Valeo 233006;VALEO;Produto Acabado L.P.; R$ 100,00 ; R$260,00 ;87089300;30;11;19;58;PECA
55453-1 (VALEO)- Scania 430mm - G 380 6x2 / G 420 6x4 / G 440 6x4 / R 440 6x4;VALEO;Produto Acabado L.P.; R$ 400,00 ; R$952,00 ;87089300;30;11;19;58;PECA
33367 MANCAL 325/330mm 13 (micro) F-4000/CARGO1113/F-600/VW 12-140/8-120/8-150/9-150 - KSW 101.24BL;SACHS;Produto Acabado L.P.; R$ 45,00 ; R$80,00 ;87089300;30;11;19;58;PECA
33325 MANCAL 350mm ( F.F.) MBB 1620 / HCS 06P11 / KSW 101.10F;SACHS;Produto Acabado L.P.; R$ 60,00 ; R$190,00 ;87089300;30;11;19;58;PECA
11202 Plato Embreagem Dia 280 Aplicação 709/710 px;SACHS;Produto Acabado L.P.; R$ 90,00 ; R$362,00 ;87089300;30;11;19;58;PECA
11171 Plato Embreagem Dia. 310 Aplicação 1313;SACHS;Produto Acabado L.P.; R$ 90,00 ; R$347,00 ;87089300;30;11;19;58;PECA
55585 Disco Embreagem Dia 325 Microonibus 13VW;SACHS;Produto Acabado L.P.; R$ 182,00 ; R$350,00 ;87089300;30;11;19;58;PECA
55012 DISCO 430mm IShift Volvo FH 400, 440 / Dia interno 26;SACHS;Produto Acabado L.P.; R$ 370,00 ; R$952,00 ;87089300;30;11;19;58;PECA
55766 DISCO395mm PRÉ ESTRIA FINA MOLA PEQ.;SACHS;Produto Acabado L.P.; R$ 260,00 ; R$756,00 ;87089300;30;11;19;58;PECA
55346-1DISCO280mm  IVECO  35S14 / 45S14 / 55S14 cód. Valeo 233007;VALEO;Produto Acabado L.P.; R$ 120,00 ; R$300,00 ;87089300;30;11;19;58;PECA
55579 Disco 325mm FORD F600 /GM D60/  Microonus antigo;SACHS;Produto Acabado L.P.; R$ 182,00 ; R$548,00 ;87089300;30;11;19;58;PECA
11395-3 Plato Eaton Puxar 395mm Car (usinado- lateral da carcaça) VW 26-260\31-Cargo 2632/5032E;EATON;Produto Acabado L.P.; R$ 200,00 ; R$1.150,00 ;87089300;30;11;19;58;PECA
33326 MANCAL 310mm MBB 709/710/912/914 / HCS 06P20 / KSW 101.35F;SACHS;Produto Acabado L.P.; R$ 55,00 ; R$110,00 ;87089300;30;11;19;58;PECA
11079 PLATÔ 380MM VW 17-210/FORD 1622 mola 159;SACHS;Produto Acabado L.P.; R$ 180,00 ; R$1.058,00 ;87089300;30;11;19;58;PECA
MANCAL EMBREAGEM RCH5366 AC, 430mm ( toarama 33396);SACHS;Produto Acabado L.P.; R$ 112,00 ; R$198,00 ;87089300;30;11;19;58;PECA
55383 Disco Embreagem Dia 380 Titan 18/23/26-310;SACHS;Produto Acabado L.P.; R$ 236,00 ; R$618,00 ;87089300;30;11;19;58;PECA
11557-3 PLATÔ EATON 365MM PUXADO / Ford Cargo 1421;EATON;Produto Acabado L.P.; R$ 140,00 ; R$686,00 ;87089300;30;11;19;58;PECA
55612 Disco De Embreagem IShift Volvo FH 400, 440 / Dia interno 260;SACHS;Produto Acabado L.P.; R$ 350,00 ; R$1.140,00 ;87089300;30;11;19;58;PECA
11107 PLATÔ 280mm  MBB 1113;SACHS;Produto Acabado L.P.; R$ 80,00 ; R$275,00 ;87089300;30;11;19;58;PECA
55335 Disco Embreagem Dia 350 1620 OM366 1117/1217/1218/1318;SACHS;Produto Acabado L.P.; R$ 110,00 ; R$479,00 ;87089300;30;11;19;58;PECA
55767 DISCO 395mm Estria fina \ 4 Molas - MBB 1722;SACHS;Produto Acabado L.P.; R$ 260,00 ; R$756,00 ;87089300;30;11;19;58;PECA
55391 Disco Embreagem Dia. 310 Aplicação 1313;SACHS;Produto Acabado L.P.; R$ 110,00 ; R$275,00 ;87089300;30;11;19;58;PECA
66484 KIT 240mm -  MBB SPRINTER 1484-5677;SACHS;Produto Acabado L.P.; R$ 204,00 ; R$409,00 ;87089300;30;11;19;58;PECA
33353 MANCAL 430mm SCANIA R112 DSC11/14 Todos R142 DSC11/13 Todos T112 DSC11/14 5/6MARCHA;SACHS;Produto Acabado L.P.; R$ 108,00 ; R$323,00 ;87089300;30;11;19;58;PECA
11342 1215 C / 1718 C / 710 C / 712 C / 914 C / Atego 1315 C OM 904 LA Motor Eletrônico;SACHS;Produto Acabado L.P.; R$ 150,00 ; R$686,00 ;87089300;30;11;19;58;PECA
33390 MANCAL 430mm MBB O-500;SACHS;Produto Acabado L.P.; R$ 119,00 ; R$331,00 ;87089300;30;11;19;58;PECA
11273 PLATÔ 430mm MBB 1935\ O400;SACHS;Produto Acabado L.P.; R$ 250,00 ; R$1.112,00 ;87089300;30;11;19;58;PECA
55723 DISCO350mm VW 12-170/16-200 CARGO 1117/1417/1621/2217;SACHS;Produto Acabado L.P.; R$ 239,50 ; R$479,00 ;87089300;30;11;19;58;PECA
55536 - DISCO 350mm -MBB 1720 OM 366;SACHS;Produto Acabado L.P.; R$ 184,00 ; R$373,00 ;87089300;30;11;19;58;PECA
11470 PLATÔ430mm PUXADO SCN 112/113 -5 , 6 ,8marchas;SACHS;Produto Acabado L.P.; R$ 250,00 ; R$1.112,00 ;87089300;30;11;19;58;PECA
33358 MANCAL 310mm (baixo) MB 1313 / HCS 06P04 / KSW 101.39BL;SACHS;Produto Acabado L.P.; R$ 60,00 ; R$128,00 ;87089300;30;11;19;58;PECA
55380 DISCO 380mm -FORD Cargo 4030/ 3224;SACHS;Produto Acabado L.P.; R$ 224,00 ; R$618,00 ;87089300;30;11;19;58;PECA
11106 PLATÔ 280mm  MBB 1113;SACHS;Produto Acabado L.P.; R$ 80,00 ; R$275,00 ;87089300;30;11;19;58;PECA
33373 MANCAL 325/330mm (alto) / 8-150 / 9-150 / HCS 05P06 / KSW 101.31BL;SACHS;Produto Acabado L.P.; R$ 70,00 ; R$150,00 ;87089300;30;11;19;58;PECA
33377 MANCAL 430mm MBB 1634/1938/1944/2726/ ATRON 2729/ AXOR / O400/O500 / HCS 06P18 / KSW 101.12AC;SACHS;Produto Acabado L.P.; R$ 104,00 ; R$399,00 ;87089300;30;11;19;58;PECA
MANCAL EMBREAGEM RCH5396 AC 395mm ( toarama 33384-3);SACHS;Produto Acabado L.P.; R$ 121,00 ; R$201,00 ;87089300;30;11;19;58;PECA
RCH 5422 \ 5422AC MANCAL 430mm ( refente a SACHS 33350);SACHS;Produto Acabado L.P.; R$ 110,00 ; R$250,00 ;87089300;30;11;19;58;PECA
11453 - SCANIA 430 - G 380 6x2 / G 420 6x4 / G 440 6x4 / R 440 6x4;SACHS;Produto Acabado L.P.; R$ 250,00 ; R$1.112,00 ;87089300;30;11;19;58;PECA
55597 DISCO 395mm VW 17-250 / 24-250 CONSTELLATION;SACHS;Produto Acabado L.P.; R$ 260,00 ; R$756,00 ;87089300;30;11;19;58;PECA
11181 MBB 1525 OM 449 GF 420mm;SACHS;Produto Acabado L.P.; R$ 120,00 ; R$441,00 ;87089300;30;11;19;58;PECA
11558-3 PLATÔ 365MM EATON REFORÇADO/138206cód. Eaton / CARGO 1723 cab. nova / carga maior;SACHS;Produto Acabado L.P.; R$ 170,00 ; R$686,00 ;87089300;30;11;19;58;PECA
33392-3 MANCAL 365mm EATON C\ MORINGA (bojudo- Plástico);EATON;Produto Acabado L.P.; R$ 90,00 ; R$198,00 ;87089300;30;11;19;58;PECA
11246 Plato Embreagem Dia. 250 Aplicação 608;SACHS;Produto Acabado L.P.; R$ 80,00 ; R$230,00 ;87089300;30;11;19;58;PECA
11029 PLATÔ 350mm  VW \ CARGUINHO;SACHS;Produto Acabado L.P.; R$ 95,00 ; R$535,00 ;87089300;30;11;19;58;PECA
55293-2 DISCO325 LUK FORD 13¨;SACHS;Produto Acabado L.P.; R$ 176,00 ; R$232,00 ;87089300;30;11;19;58;PECA
33310 MANCAL 310mm MBB 1113 / 608 / HCS06P06 / KSW 101.33F;SACHS;Produto Acabado L.P.; R$ 70,00 ; R$110,00 ;87089300;30;11;19;58;PECA
ROLAMENTO Acabado Iveco Daily 35s14;SACHS;Produto Acabado L.P.; R$ 80,00 ; R$150,00 ;87089300;30;11;19;58;PECA
55524 Disco Embreagem Dia 362 Aplicação 1418/1417 S/ PRÉ;SACHS;Produto Acabado L.P.; R$ 253,00 ; R$579,00 ;87089300;30;11;19;58;PECA
55726-3 DISCO 395mm EATON  5 molas / estria grossa;EATON;Produto Acabado L.P.; R$ 247,00 ; R$756,00 ;87089300;30;11;19;58;PECA
55345-2 DISCO 420mm S112 LUK;LUK;Produto Acabado L.P.; R$ 250,00 ; R$700,00 ;87089300;30;11;19;58;PECA
33345 MANCAL 430mm- MBB 1935 hcs 06P16 \ ksw 101.37ac;SACHS;Produto Acabado L.P.; R$ 220,00 ; R$412,00 ;87089300;30;11;19;58;PECA
33363 ROLAMENTO FH12/NH12/FM(4x2)  KSW 101.17AC - Alt.-86,5\Dia.66,8;SACHS;Produto Acabado L.P.; R$ 109,00 ; R$388,00 ;87089300;30;11;19;58;PECA
11469 - VOLVO NL 10 DIA 475;SACHS;Produto Acabado L.P.; R$ 300,00 ; R$2.100,00 ;87089300;30;11;19;58;PECA
11249-2 PLATÔ 280mm LUK EMPURRADO(chapa) MBB1113;LUK;Produto Acabado L.P.; R$ 80,00 ; R$225,00 ;87089300;30;11;19;58;PECA
55080 DISCO 380 MODERNO S/PRE;SACHS;Produto Acabado L.P.; R$ 226,00 ; R$618,00 ;87089300;30;11;19;58;PECA
55408 Disco Embreagem Dia. 250 Aplic. 608;SACHS;Produto Acabado L.P.; R$ 112,00 ; R$220,00 ;87089300;30;11;19;58;PECA
11192 PLATÔ F.F. 330mm MBB 366;SACHS;Produto Acabado L.P.; R$ 90,00 ; R$288,00 ;87089300;30;11;19;58;PECA
11236 Plato Embreagem Dia 310 Aplicação 1313 mm;SACHS;Produto Acabado L.P.; R$ 80,00 ; R$263,00 ;87089300;30;11;19;58;PECA
66597 - KIT 395mm - 11546\55597\33397 - VW CONSTELLATION 17-250E\23-260E\24-250E\26-280E\31-280E;SACHS;Produto Acabado L.P.; R$ 675,00 ; R$2.250,00 ;87089300;30;11;19;58;PECA
55326 - DISCO 330mm MBBB 1114/1313/1314/1714/1718 OM366 136cv;SACHS;Produto Acabado L.P.; R$ 163,00 ; R$314,00 ;87089300;30;11;19;58;PECA
33324 MANCAL 330mm MBB (motor 366) / HCS 06P15 / KSW 101.34F;SACHS;Produto Acabado L.P.; R$ 60,00 ; R$130,00 ;87089300;30;11;19;58;PECA
33352 MANCAL 430mm SCANIA R 113 / T 113 / TH 113 / T 143;SACHS;Produto Acabado L.P.; R$ 112,00 ; R$312,00 ;87089300;30;11;19;58;PECA
33399 - Rolamento 330mm - Iveco Vertis 90V16 / 90V18 Iveco NEF4 Euro 3 e 5;SACHS;Produto Acabado L.P.; R$ 70,00 ; R$180,00 ;87089300;30;11;19;58;PECA
66596 - KIT 430mm - 11596\55596\33396 - VW CONSTELLATION 19-320E\340E\360E\25-320E\26-360E\31-320E;SACHS;Produto Acabado L.P.; R$ 500,00 ; R$2.230,00 ;87089300;30;11;19;58;PECA
55421 - DISCO 430MM VOLVO B10M;SACHS;Produto Acabado L.P.; R$ 350,00 ; R$952,00 ;87089300;30;11;19;58;PECA
66983 - KIT 380mm - 11082\55383\33392 -S/ MORINGA- F.Cargo2422e\2428e\VW16-300\18-310\26-310\31-310;SACHS;Produto Acabado L.P.; R$ 528,00 ; R$1.798,00 ;87089300;30;11;19;58;PECA
55035 DISCO 350mm Moderno\ MBB 1620 \ FORD CARGO;SACHS;Produto Acabado L.P.; R$ 174,00 ; R$479,00 ;87089300;30;11;19;58;PECA
11142-2 PLATÔ325 LUK  FORD 13¨;LUK;Produto Acabado L.P.; R$ 90,00 ; R$246,50 ;87089300;30;11;19;58;PECA
11599 Plato Embreagem Dia 362 Aplicação 13180/15180 Constell;SACHS;Produto Acabado L.P.; R$ 160,00 ; R$686,00 ;87089300;30;11;19;58;PECA
55599 Disco Embreagem Dia 362 Constellation;SACHS;Produto Acabado L.P.; R$ 256,00 ; R$579,00 ;87089300;30;11;19;58;PECA
33739 - MANCAL 395mm VW Constellation 24-280 / 15-190 - 2010... (Automatizado)- Alt. 37,0;SACHS;Produto Acabado L.P.; R$ 79,00 ; R$174,00 ;87089300;30;11;19;58;PECA
33395-3 MANCAL395mm EATON C/MORINGA(bojudo\baixo) - Ford Cargo2632/5032E - VW 26-260E \ KSW 101.71;EATON;Produto Acabado L.P.; R$ 115,00 ; R$198,00 ;87089300;30;11;19;58;PECA
55389 SCANIA R112 430mm;SACHS;Produto Acabado L.P.; R$ 390,00 ; R$952,00 ;87089300;30;11;19;58;PECA
55295-3 DISCO 395mm Cargo 2632/5032E \\ 1723 PANDA(cubo baixo) estria grossa;EATON;Produto Acabado L.P.; R$ 262,00 ; R$756,00 ;87089300;30;11;19;58;PECA
55548 DISCO 350mm (pré) VW Worker 13-170E \ IVECO Eurocargo 170E21;SACHS;Produto Acabado L.P.; R$ 1,00 ;;87089300;30;11;19;58;PECA
55535-1 DISCO 430mm VALEO MBB AXOR 2540;VALEO;Produto Acabado L.P.; R$ 250,00 ; R$952,00 ;87089300;30;11;19;58;PECA
RCH 5336 AC  MANCAL 430mm ( referente a SACHS 33366);SACHS;Produto Acabado L.P.; R$ 118,00 ; R$387,00 ;87089300;30;11;19;58;PECA
55638 DISCO 395 PRÉ 4 MOLAS VW 15 190 OD /17-230 OD/ MAN 4.6L ZF 6S-1010 BO;SACHS;Produto Acabado L.P.; R$ 264,00 ; R$756,00 ;87089300;30;11;19;58;PECA
55738 SCANIA P93 WGTZ 400mm;SACHS;Produto Acabado L.P.; R$ 150,00 ; R$350,00 ;87089300;30;11;19;58;PECA
55666 Disco 350mm OM 366;SACHS;Produto Acabado L.P.; R$ 181,00 ; R$485,00 ;87089300;30;11;19;58;PECA
55450 DISCO 430 mm SCN P310\G420-440\K94 ônibus;SACHS;Produto Acabado L.P.; R$ 292,00 ; R$952,00 ;87089300;30;11;19;58;PECA
55781-3 Disco cargo 1421 Mola pequena;EATON;Produto Acabado L.P.; R$ 200,00 ; R$500,00 ;87089300;30;11;19;58;PECA
33394-3 MANCAL365mm  EATON C/MORINGA MODERNO(reforçado) (PANDA) / HCS 05P16 / KSW 101.75AC;EATON;Produto Acabado L.P.; R$ 115,00 ; R$412,00 ;87089300;30;11;19;58;PECA
77705 VOLVO N10 380MM;SACHS;Produto Acabado L.P.; R$ 597,00 ; R$2.391,00 ;87089300;30;11;19;58;PECA
55697 -  VOLVO FH, FM12 /2002, NH12, NL10 /02.1997, B12B, B12R Estria grossa;SACHS;Produto Acabado L.P.; R$ 292,00 ; R$952,00 ;87089300;30;11;19;58;PECA
11542-1 PLATÔ 430mm VALEO IVECO EURO TECH/TRAKKER/STRALIS - 8210.42 KA 13.8 Turbo / FORD Cargo 2042;VALEO;Produto Acabado L.P.; R$ 300,00 ; R$1.112,00 ;87089300;30;11;19;58;PECA
11596 Plato Embreagem Dia 430 Aplicação CONSTELLATION 17/19;SACHS;Produto Acabado L.P.; R$ 250,00 ; R$1.112,00 ;87089300;30;11;19;58;PECA
11579 KIT 350mm - 11579\55723 Cargo 1215/ 1417/ 2217 Ônibus B 1618/ VW 12-170/ 13-180/ Worker 13-190;SACHS;Produto Acabado L.P.; R$ 310,00 ; R$1.235,00 ;87089300;30;11;19;58;PECA
55596 DISCO430mm VW 19-320 CONSTELLATION;SACHS;Produto Acabado L.P.; R$ 476,00 ; R$952,00 ;87089300;30;11;19;58;PECA
55295 DISCO 395mm Cargo 2632/5032E \\ 1723 PANDA(cubo baixo) estria grossa;SACHS;Produto Acabado L.P.; R$ 262,00 ; R$756,00 ;87089300;30;11;19;58;PECA
33348 / 33345 MANCAL 430mm MBB O-400 / 1935 / KSW 101.37AC/;SACHS;Produto Acabado L.P.; R$ 107,00 ; R$331,00 ;87089300;30;11;19;58;PECA
11413 - Volvo 430mm - FH / FM 13 4x2 D13 A 400 / 440 / 480 / 520;SACHS;Produto Acabado L.P.; R$ 400,00 ; R$1.316,00 ;87089300;30;11;19;58;PECA
33346 MANCAL 430mm  MBB O400\1935;SACHS;Produto Acabado L.P.; R$ 102,00 ; R$389,00 ;87089300;30;11;19;58;PECA
11597 PLATÔ 395mm VW 17-250 / Constellation 17-250E / 17-260E / 23-260E / 24-250E;SACHS;Produto Acabado L.P.; R$ 170,00 ; R$925,00 ;87089300;30;11;19;58;PECA
66273 - KIT 430mm - 11273\55655\33346 - MBB1935\1941\O400;SACHS;Produto Acabado L.P.; R$ 570,00 ; R$2.230,00 ;87089300;30;11;19;58;PECA
66204 KIT 310mm - 11204\55367\33326 - MBB 710 / 712 / 912 / 915;SACHS;Produto Acabado L.P.; R$ 1,00 ; R$726,00 ;87089300;30;11;19;58;PECA
66413 -KIT 430mm - 11413\55413\33308 - VOLVO FH / FM 13 4x2 D13 A 400 / 440 / 480 / 520 VT 2214;SACHS;Produto Acabado L.P.; R$ 1,00 ; R$2.381,00 ;87089300;30;11;19;58;PECA
11518 PLATÔ430mm PUXADO VOLVOFM12/FH12 (4X2) FM12(6X4) GLOBE(6X2);SACHS;Produto Acabado L.P.; R$ 250,00 ; R$1.112,00 ;87089300;30;11;19;58;PECA
55698 DISCO430mm 24estrias /larg. lona 95mmVOLVONH12/FH12/FM12;SACHS;Produto Acabado L.P.; R$ 230,00 ; R$952,00 ;87089300;30;11;19;58;PECA
66698 - KIT 430mm - 11518\55698\33308 - VOLVO FM12\ NH12;SACHS;Produto Acabado L.P.; R$ 1,00 ; R$2.230,00 ;87089300;30;11;19;58;PECA
11150 PLATÔ 380mm F.F. ALAVANCA - MBB 1519;SACHS;Produto Acabado L.P.; R$ 1,00 ;;87089300;30;11;19;58;PECA
66453 - KIT 430mm - 11453\55453\33350 - Scania Série5 G380\420\440 - P250\270\310 - R500\560;SACHS;Produto Acabado L.P.; R$ 500,00 ; R$2.281,00 ;87089300;30;11;19;58;PECA
55382-3 DIA365mm Eaton 1723 - 2014;EATON;Produto Acabado L.P.; R$ 220,00 ; R$400,00 ;87089300;30;11;19;58;PECA
66542 - KIT 430mm - 11542\55655\33366 - IVECO Euro tech\Euro trakker;SACHS;Produto Acabado L.P.; R$ 1,00 ; R$2.583,00 ;87089300;30;11;19;58;PECA
66497 - KIT430mm - 11097\55705\33377 - MBB 1938\1944\O500;SACHS;Produto Acabado L.P.; R$ 1,00 ; R$2.230,00 ;87089300;30;11;19;58;PECA
66395-3 - KIT 395mm EATON F.F. - 11395-3\55294-3/33395-3 -VW 31- 310/ constel.31-260 /FORD-2422/2622;EATON;Produto Acabado L.P.; R$ 720,00 ; R$2.681,00 ;87089300;30;11;19;58;PECA
11453-1   SCANIA 430 - G 380 6x2 / G 420 6x4 / G 440 6x4 / R 440 6x4;VALEO;Produto Acabado L.P.; R$ 200,00 ; R$1.112,00 ;87089300;30;11;19;58;PECA
66705 - KIT 430mm - 11542\55705\33390 - MBB O500;SACHS;Produto Acabado L.P.; R$ 1,00 ; R$2.230,00 ;87089300;30;11;19;58;PECA
66981 - KIT 380mm - 11082\55080/33392 - F. Cargo1630\1730 - VW 17-310\24-250\TITAN 18-310 C/ MORINGA;SACHS;Produto Acabado L.P.; R$ 400,00 ; R$1.798,00 ;87089300;30;11;19;58;PECA
66987 - KIT 380mm - 11082\55385\33392 COM MORINGA - VW 15-180EOD;SACHS;Produto Acabado L.P.; R$ 1,00 ; R$1.798,00 ;87089300;30;11;19;58;PECA
CONJ. 325 FORD 13 - 11142/55585;SACHS;Produto Acabado L.P.; R$ 1,00 ; R$594,00 ;87089300;30;11;19;58;PECA
55067-3 DISCO 365MM EATON 5 MOLAS blindado / estria fina;EATON;Produto Acabado L.P.; R$ 1,00 ; R$500,00 ;87089300;30;11;19;58;PECA
66201 - KIT 420mm - 11201-55345-33375 \ estria fina \ - Scania 112;SACHS;Produto Acabado L.P.; R$ 400,00 ; R$1.871,00 ;87089300;30;11;19;58;PECA
66543 - KIT 430mm - 11542/55705/33366 - IVECO STRALIS\CURSOR 4X2\6X2\6X4;SACHS;Produto Acabado L.P.; R$ 774,90 ; R$2.583,00 ;87089300;30;11;19;58;PECA
CONJ. 325 FORD 13 - 11142-2/55293-2;SACHS;Produto Acabado L.P.; R$ 1,00 ; R$594,00 ;87089300;30;11;19;58;PECA
55535-DISCO AXOR 2540 MBB;SACHS;Produto Acabado L.P.; R$ 400,00 ; R$952,00 ;87089300;30;11;19;58;PECA
Mancal vw constalation  15.190 / 17.230 A partir 2011 Mecanico - Alt. 37 dia 57,5 Enc. Men.;SACHS;Produto Acabado L.P.; R$ 200,00 ; R$390,00 ;87089300;30;11;19;58;PECA
66584- KIT 430mm 1542-5435-3345 MB1935/1941;SACHS;Produto Acabado L.P.; R$ 430,00 ; R$2.230,00 ;87089300;30;11;19;58;PECA
66342 - KIT 362mm - 11342\555223\33361 - MB1214/1215C /914C\712C\915E\Acello1016;SACHS;Produto Acabado L.P.; R$ 703,50 ; R$1.407,00 ;87089300;30;11;19;58;PECA
33739NV - MANCAL 395mm VW Constellation 24-280 / 15-190 - 2010... (Automatizado)- Alt. 37,0;SACHS;Produto Acabado L.P.; R$ 142,00 ; R$278,00 ;87089300;30;11;19;58;PECA
55385 DISCO 380mm  VW 15 180 EOD / 15 190 EOD;SACHS;Produto Acabado L.P.; R$ 1,00 ;;87089300;30;11;19;58;PECA
66414 KIT 395mm - 11546\55597\33739 VW 15 190 EOD/ 17 230 EOD;SACHS;Produto Acabado L.P.; R$ 1,00 ; R$2.210,00 ;87089300;30;11;19;58;PECA
66168 KIT 430mm CONSTELLATION  17330/19330/19400 1596-5596-3398;SACHS;Produto Acabado L.P.; R$ 1.338,00 ; R$2.676,00 ;87089300;30;11;19;58;PECA
66258 - KIT 350mm F.F. Mola memb.- 11258/55335/33325 - MBB 1418\1620\1720 - IVECO eurocargo 160E21;SACHS;Produto Acabado L.P.; R$ 597,00 ; R$1.194,00 ;87089300;30;11;19;58;PECA
11981-3 FORD 2425e;EATON;Produto Acabado L.P.; R$ 200,00 ; R$1.058,00 ;87089300;30;11;19;58;PECA
KIT IVECO 60/30;SACHS;Produto Acabado L.P.; R$ 100,00 ; R$1.100,00 ;87089300;30;11;19;58;PECA
11534 Plato 380mm;SACHS;Produto Acabado L.P.; R$ 150,00 ; R$736,00 ;87089300;30;11;19;58;PECA
66246 - KIT 250mm - 11246\55408\33310 - MBB 608\609;SACHS;Produto Acabado L.P.; R$ 210,00 ; R$507,00 ;87089300;30;11;19;58;PECA
66583 - KIT 362mm - 11343\55524\33325 - MBB OF1417\1418 - OH1417\1418 -  OM904;SACHS;Produto Acabado L.P.; R$ 703,50 ; R$1.407,00 ;87089300;30;11;19;58;PECA
6520-5S - KIT 395 MB2428 com atuador 1546-5765-3361;SACHS;Produto Acabado L.P.; R$ 840,00 ; R$1.680,00 ;87089300;30;11;19;58;PECA
66978 - KIT 380mm S/ MORINGA - 11079/55383/33359 - FORD Cargo 1421\1622\F-12000\VW26-220 MOLA 159;SACHS;Produto Acabado L.P.; R$ 400,00 ; R$1.798,00 ;87089300;30;11;19;58;PECA
55782-3 DISCO 365MM EATON reforçado/estria grossa / 128683 cód. eaton;EATON;Produto Acabado L.P.; R$ 205,00 ; R$500,00 ;87089300;30;11;19;58;PECA
33392 MANCAL 380mm c/moringa Plástico(aba de apoio larg) VW TITAN- hcs 04P05 \ksw 101.04s\sachs 3359;SACHS;Produto Acabado L.P.; R$ 112,00 ; R$250,00 ;87089300;30;11;19;58;PECA
33361 MANCAL 395mm  1722 - ATUADOR;SACHS;Produto Acabado L.P.; R$ 200,00 ; R$300,00 ;87089300;30;11;19;58;PECA
66358 - KIT 350mm F.F. 11258\55035\33325 MBB 1620\1418 IVECO EUROCARGO 160E21;SACHS;Produto Acabado L.P.; R$ 659,00 ; R$1.318,00 ;87089300;30;11;19;58;PECA
55453 - Scania 430mm - G 380 6x2 / G 420 6x4 / G 440 6x4 / R 440 6x4;SACHS;Produto Acabado L.P.; R$ 400,00 ; R$952,00 ;87089300;30;11;19;58;PECA
CONJ. PLATÔ/DISCO 310mm MB912 - 1203/5391;SACHS;Produto Acabado L.P.; R$ 170,00 ; R$637,00 ;87089300;30;11;19;58;PECA
55331 DISCO420mm ESTRIA GROSSA SCANIA 111;SACHS;Produto Acabado L.P.; R$ 404,00 ; R$808,00 ;87089300;30;11;19;58;PECA
33350NV MANCAL 430mm SCANIA 114/124 APÓS08/2003 G420/440/P310;SACHS;Produto Acabado L.P.; R$ 200,00 ; R$398,00 ;87089300;30;11;19;58;PECA
66599 - KIT 362mm - 11599\55599\33397 - VW CONSTELLATION 13-180E\15-180E;SACHS;Produto Acabado L.P.; R$ 400,00 ; R$1.407,00 ;87089300;30;11;19;58;PECA
66612 - KIT 350mm - 11512\55536\33309 - MBB 1620\1720\OF 1620\1721;SACHS;Produto Acabado L.P.; R$ 1,00 ; R$1.167,00 ;87089300;30;11;19;58;PECA
66167-1 KIT IVECO 35S14;VALEO;Produto Acabado L.P.; R$ 1,00 ; R$559,00 ;87089300;30;11;19;58;PECA
33359 MANCAL 350/380mm  FORD Cargo 1317 / 2421 \ IVECO 170 E21 / HCS 02P03 / KSW 101.04AC;SACHS;Produto Acabado L.P.; R$ 105,00 ; R$398,00 ;87089300;30;11;19;58;PECA
66498-KIT 430mm - 11518\55697\33363 - VOLVO FH, FM12 /2002, NH12, NL10 /02.1997, B12B, B12R;SACHS;Produto Acabado L.P.; R$ 450,00 ; R$2.230,00 ;87089300;30;11;19;58;PECA
55273 - DISCO420mm  MBB1924/1929/1933/2225/2325/O370 acima de 285cv;SACHS;Produto Acabado L.P.; R$ 350,00 ; R$808,00 ;87089300;30;11;19;58;PECA
66982 KIT 380mm - 11082\55080\33393 SEM MORINGA - VW TITAN;SACHS;Produto Acabado L.P.; R$ 450,00 ; R$1.798,00 ;87089300;30;11;19;58;PECA
66254 - KIT420mm F.F. mola membrana - 11254\55336\33327 - MBB1630/1632/2225/2325;SACHS;Produto Acabado L.P.; R$ 1,00 ; R$1.894,00 ;87089300;30;11;19;58;PECA
11249 PLATÔ 280mm MBB 1113;SACHS;Produto Acabado L.P.; R$ 80,00 ; R$240,00 ;87089300;30;11;19;58;PECA
66535-KIT 430mm - 11097/55535/33377 - MBB AXOR 1933\2536 \ ATRON2729Basculante\;SACHS;Produto Acabado L.P.; R$ 1,00 ; R$2.230,00 ;87089300;30;11;19;58;PECA
66558-3  KIT365mm EATON C/ MORINGA REFORÇADO -11558-3/55782-3/33394-3 FORD Cargo 1722e\1723e\2422e;EATON;Produto Acabado L.P.; R$ 400,00 ; R$1.336,00 ;87089300;30;11;19;58;PECA
11082 Plato Embreagem Dia 380 Aplicação Titan 18/23/26-310 Mola 045;SACHS;Produto Acabado L.P.; R$ 200,00 ; R$1.058,00 ;87089300;30;11;19;58;PECA
11713 - Plato De Embreagem IShift Volvo FH 400, 440 / Dia interno 260;SACHS;Produto Acabado L.P.; R$ 300,00 ; R$1.590,00 ;87089300;30;11;19;58;PECA
66085 - KIT 325mm - 11085\55585\33367 - VW 8.150 - 9.150;SACHS;Produto Acabado L.P.; R$ 350,00 ; R$652,00 ;87089300;30;11;19;58;PECA
66192 - KIT 330mm - 11192/55326/33324 - MBB1218\1418\2418;SACHS;Produto Acabado L.P.; R$ 344,50 ; R$689,00 ;87089300;30;11;19;58;PECA
55655 - DISCO 430mm MBB 1935;SACHS;Produto Acabado L.P.; R$ 250,00 ; R$952,00 ;87089300;30;11;19;58;PECA
33391 MANCAL 350/380mm sem moringa (aba do apoio estreita)- VW TITAN - KSW 101.05;SACHS;Produto Acabado L.P.; R$ 108,00 ; R$250,00 ;87089300;30;11;19;58;PECA
66544 KIT 395mm 11546\55767\33309 - MBB 1718M\Atego1719\OF1722;SACHS;Produto Acabado L.P.; R$ 1,00 ; R$1.950,00 ;87089300;30;11;19;58;PECA
11204 PLATÔ 310MM PLACA FINA (NOVO);SACHS;Produto Acabado L.P.; R$ 80,00 ; R$160,00 ;87089300;30;11;19;58;PECA
55722 DISCO 430mm PRÉ(estria fina) Scania 124 série 4;SACHS;Produto Acabado L.P.; R$ 286,00 ; R$952,00 ;87089300;30;11;19;58;PECA
66106 KIT 280mm - 11106\55346\33358 - MBB1113;SACHS;Produto Acabado L.P.; R$ 220,00 ; R$547,00 ;87089300;30;11;19;58;PECA
11450 - SCANIA 430mm / 124 Serie 4 \G420-440\P310\K94 onibus;SACHS;Produto Acabado L.P.; R$ 250,00 ; R$1.112,00 ;87089300;30;11;19;58;PECA
11497 MBB 1634 OM 447 MFZ 430mm;SACHS;Produto Acabado L.P.; R$ 300,00 ; R$1.112,00 ;87089300;30;11;19;58;PECA
11981 VOLKS 24250 MFZ 380mm;SACHS;Produto Acabado L.P.; R$ 1,00 ; R$427,50 ;87089300;30;11;19;58;PECA
66557-3 - KIT 365mm EATON C/ MORINGA - 11557-3/55781-3/33392-3 - FORD Cargo 1721\2217 - VW 12-170;EATON;Produto Acabado L.P.; R$ 400,00 ; R$1.336,00 ;87089300;30;11;19;58;PECA
55294-3 DISCO 395mm EATON REFORÇADO VW 31-260E(cubo alto) estria grossa;EATON;Produto Acabado L.P.; R$ 1,00 ; R$700,00 ;87089300;30;11;19;58;PECA
11201 - PLATÔ F.F. 420mm  SCANIA 112;SACHS;Produto Acabado L.P.; R$ 220,00 ; R$897,00 ;87089300;30;11;19;58;PECA
11413-1 PLATÔ 430mm VALEO - VOLVO FH / FM 13 4x2 D13 A 400 / 440 / 480 / 520;VALEO;Produto Acabado L.P.; R$ 1,00 ; R$1.316,00 ;87089300;30;11;19;58;PECA
33305-3 MANCAL395mm MODERNO(orelhinha/cabine nova) FORD CARGO 2428e/2429e - HCS 05P19 / KSW 101.74AC;EATON;Produto Acabado L.P.; R$ 205,00 ; R$399,00 ;87089300;30;11;19;58;PECA
33393 MANCAL380mm s/moringa bronze( aba de apoio larga);SACHS;Produto Acabado L.P.; R$ 100,00 ; R$250,00 ;87089300;30;11;19;58;PECA
66171 - KIT 310mm Alavanca F.F.- 11171/55391/33358 - MBB 1313\1513\1813;SACHS;Produto Acabado L.P.; R$ 1,00 ; R$665,00 ;87089300;30;11;19;58;PECA
66012- KIT 350mm 11512\55035\33325 - MBB 1218\1620 \1621\1720 Motor OM366;SACHS;Produto Acabado L.P.; R$ 375,00 ; R$1.164,00 ;87089300;30;11;19;58;PECA
66579 - KIT 350mm - 11579\55723\ 33359 c/ MORINGA - FORD Cargo 1117\1317\2218;SACHS;Produto Acabado L.P.; R$ 250,00 ; R$1.235,00 ;87089300;30;11;19;58;PECA
66550- KIT 395mm 11546\55766\33309 -  MBB 1728 G221-9 \ 1620E\1622E\1718E\ 1722OH;SACHS;Produto Acabado L.P.; R$ 585,00 ; R$1.950,00 ;87089300;30;11;19;58;PECA
55317- 380mm O 371 / 2225;SACHS;Produto Acabado L.P.; R$ 207,00 ; R$690,00 ;87089300;30;11;19;58;PECA
11258  350mm F.F. Mola memb.- 11258/55335/33325 - MBB 1418\1620\1720 - IVECO eurocargo 160E21;SACHS;Produto Acabado L.P.; R$ 1,00 ;;87089300;30;11;19;58;PECA
KIT 280MM IVECO DAILY 35S14;SACHS;Produto Acabado L.P.; R$ 200,00 ; R$710,00 ;87089300;30;11;19;58;PECA
66314 - KIT 310mm - 11314\55391\33326 - MBB 712\715\812\ 914;SACHS;Produto Acabado L.P.; R$ 1,00 ; R$726,00 ;87089300;30;11;19;58;PECA
11078 PLATÔ 380MM VW 17-210/FORD 1622 s/ moringa mola 159;SACHS;Produto Acabado L.P.; R$ 400,00 ; R$1.058,00 ;87089300;30;11;19;58;PECA
66546 KIT 395mm - 11546\55765\33309 - MBB 1725\1722;SACHS;Produto Acabado L.P.; R$ 1,00 ; R$1.847,00 ;87089300;30;11;19;58;PECA
55345 DISCO 420mm SCANIA T112;SACHS;Produto Acabado L.P.; R$ 259,00 ; R$700,00 ;87089300;30;11;19;58;PECA
66343 - KIT 362mm - 11343\55523\33309 - MB1218/1718C\916\Atego1419\Atron1319;SACHS;Produto Acabado L.P.; R$ 703,50 ; R$1.407,00 ;87089300;30;11;19;58;PECA
